{"train_loss": [0.5283734688052425, 0.5058673260879124, 0.49571953560589765, 0.4881844494813754, 0.48691535008297043, 0.4817785658708816, 0.47665711231683017, 0.473798990740207, 0.470201711473151, 0.47106344194569216, 0.4554105172922582, 0.4523608191513721, 0.452901019113054, 0.44983448241473223, 0.44904714994469785, 0.4500018431816572, 0.4467999656749851, 0.4453636846915194, 0.44475892713531057, 0.4414473443364901, 0.44038018866330997, 0.4365759753150704, 0.4358504245310654, 0.437872036371702, 0.4363801805570783, 0.43585597892357, 0.43646775412951966], "test_loss": [0.5605907241503397, 0.4110787957906723, 0.431620255112648, 0.41834356884161633, 0.40367358426253, 0.38613826036453247, 0.3901761670907338, 0.4058479741215706, 0.4798194592197736, 0.40155357867479324, 0.3663116643826167, 0.3697733258207639, 0.36369674156109494, 0.36574330429236096, 0.37037475655476254, 0.3684128448367119, 0.36293208847443265, 0.36650728434324265, 0.3724268525838852, 0.3697540760040283, 0.36684685945510864, 0.3670671060681343, 0.36478353043397266, 0.36646417280038196, 0.3660944923758507, 0.36769535889228183, 0.3680638422568639], "accuracy": [0.6243714094161987, 0.9028376440207163, 0.8744612087806066, 0.8788613478342692, 0.8950251440207163, 0.8851472685734431, 0.9057112087806066, 0.866379310687383, 0.6741199692090353, 0.8848778754472733, 0.9320222685734431, 0.9291487087806066, 0.9364224125941595, 0.9375, 0.9317528754472733, 0.9338182459274927, 0.9296875, 0.9236709773540497, 0.9294181019067764, 0.9163972685734431, 0.9294181019067764, 0.9294181019067764, 0.9268139352401098, 0.9320222685734431, 0.9270833333333334, 0.9312140792608261, 0.9317528754472733], "precision": [NaN, 0.919178972641627, 0.8606802920500437, 0.9073051959276199, 0.9066089044014612, 0.8932102620601654, 0.9485119034846624, 0.7608583879967531, 0.5255842705567678, 1.0, 0.9539983173211416, 0.9117986261844635, 0.9620691786209742, 0.9727564106384913, 0.9602813869714737, 0.929889902472496, 0.9655278772115707, 0.8949936330318451, 0.9840909093618393, 0.88409091035525, 0.9519943048556646, 0.9472222179174423, 0.941393107175827, 0.9517195771137873, 0.9258089164892832, 0.956439400712649, 0.9549242456754049], "recall": [0.02087784931063652, 0.8131212393442789, 0.7696057210365931, 0.7281850179036459, 0.7984658926725388, 0.778392473856608, 0.7746896594762802, 0.8471611787875494, 0.9461073776086172, 0.6806332617998123, 0.8523410658041636, 0.8866372108459473, 0.8616804579893748, 0.8622497866551081, 0.8326181620359421, 0.8696097880601883, 0.8314976741870245, 0.8989452769358953, 0.8354700853427252, 0.8910103738307953, 0.861338660120964, 0.830662394563357, 0.8616133878628413, 0.8462481945753098, 0.8733310004075369, 0.861703579624494, 0.8532651215791702], "f1": [NaN, 0.8566653862494701, 0.804518597732184, 0.7950830950230157, 0.843309765852148, 0.8278776752450905, 0.8496319597036711, 0.7901881407759044, 0.6623110901632877, 0.8050282811410193, 0.8963599854174857, 0.8953963514145479, 0.9021746577422928, 0.9110559585197188, 0.8879709811710138, 0.8958466380456768, 0.8844348397613034, 0.8852962387475852, 0.8984925454744094, 0.8800830903332169, 0.9016098159299649, 0.8799408778151908, 0.8965367022612504, 0.8946156022069484, 0.8960516743957146, 0.903185596032085, 0.8945601007660765]}