{"train_loss": [0.526337666833987, 0.5048242196684978, 0.4984119937556689, 0.4953355583988252, 0.48679554902139255, 0.48770400637485944, 0.4815044906295714, 0.4728745466373006, 0.46569516692982343, 0.4627625937344598, 0.4580568920393459, 0.45980135143780315, 0.45807560594355473, 0.4554142392561084, 0.4512506400952574, 0.4479255949864622, 0.4490969039377619, 0.44967603488046615, 0.4482614749767741, 0.44856383077433853, 0.45003079781766797, 0.44871994144603855, 0.4512860183833075, 0.44933965338058157, 0.45078132753489447, 0.45073783935093487, 0.44916722813590626, 0.4487138778948393, 0.4509930945322162, 0.44767270273849613, 0.44866919297663893], "test_loss": [0.45873374740282696, 0.44435131053129834, 0.3970719054341316, 0.42208541681369144, 0.42382196336984634, 0.4316645512978236, 0.41643308599789935, 0.3793936421473821, 0.3826470176378886, 0.3788720866044362, 0.3874325280388196, 0.37999864170948666, 0.38949817419052124, 0.3889295731981595, 0.3773974080880483, 0.3787772978345553, 0.3782891631126404, 0.3792974650859833, 0.3784234921137492, 0.3782842581470807, 0.3771692415078481, 0.38066912939151126, 0.3799600253502528, 0.37877068668603897, 0.3795986945430438, 0.38054587692022324, 0.379949189722538, 0.3788793981075287, 0.3797755440076192, 0.3803855280081431, 0.37769773105780285], "accuracy": [0.8554238478342692, 0.8450071811676025, 0.9057112087806066, 0.8817349125941595, 0.8765265792608261, 0.882004310687383, 0.8843390792608261, 0.9364224125941595, 0.9213362087806066, 0.9187320421139399, 0.9080459773540497, 0.9286099125941595, 0.9161278754472733, 0.9129849125941595, 0.921066810687383, 0.9291487087806066, 0.9216056019067764, 0.9346264352401098, 0.9291487087806066, 0.9262751440207163, 0.9265445421139399, 0.9314834773540497, 0.9291487087806066, 0.9213362087806066, 0.928879310687383, 0.9309446811676025, 0.9278017232815424, 0.9184626440207163, 0.9309446811676025, 0.9314834773540497, 0.921875], "precision": [0.7704892456531525, 1.0, 0.9146265834569931, 0.9824074059724808, 0.7859877447287241, 0.8602357655763626, 0.8251422345638275, 0.9803240746259689, 0.9106934815645218, 0.8850108285744985, 0.9647817462682724, 0.9389550189177195, 0.9658038765192032, 0.9812499980131785, 0.9006583740313848, 0.948211282491684, 0.9044853349526724, 0.9724358965953191, 0.9519841273625692, 0.9483375499645869, 0.9522156119346619, 0.9614087243874868, 0.9562520831823349, 0.8949328511953354, 0.9591540396213531, 0.952421193321546, 0.9504349827766418, 0.913261741399765, 0.9531135509411494, 0.9699786305427551, 0.9186329891284307], "recall": [0.8738425970077515, 0.5670559778809547, 0.8289998273054758, 0.706350602209568, 0.9241872678200403, 0.8112458636363348, 0.8413422256708145, 0.8320538302262624, 0.8823768844207128, 0.8817760994036993, 0.7650493135054907, 0.8482051491737366, 0.798687661687533, 0.778818408648173, 0.8634250089526176, 0.8472254673639933, 0.8769312252600988, 0.8563473622004191, 0.8446079393227895, 0.8435638497273127, 0.8495641003052393, 0.8508111337820689, 0.8437054852644602, 0.8889159510533015, 0.8468045840660731, 0.8632256637016932, 0.8513111968835195, 0.8703823983669281, 0.8381791959206263, 0.8429782092571259, 0.8697191725174586], "f1": [0.8105499453609274, 0.7165618347225786, 0.8647556794186686, 0.8128066393193533, 0.8432381509084114, 0.8233642124473438, 0.8251835598850995, 0.898336431149617, 0.8874737341534339, 0.8783352388867138, 0.8473884506690537, 0.8890146435796402, 0.8694532693974003, 0.861056765585751, 0.8772071948895959, 0.8935201285687208, 0.884924231991893, 0.907376876284859, 0.892007508941712, 0.8882881269151649, 0.8938589377213407, 0.8976987521476665, 0.8858795428670984, 0.8892363811918312, 0.8960516773646469, 0.9016796497188189, 0.8927621769673412, 0.883955680091307, 0.8897120027361926, 0.8971919286758355, 0.8908836079674621]}