{"train_loss": [0.26047305625640543, 0.2340296487683899, 0.22945256942620307, 0.22249733917186595, 0.22114930123639254, 0.20825925140293097, 0.20791799223130467, 0.20474234653031168, 0.20223707445194386, 0.20506196949013902, 0.2019985166429742, 0.2015474778742878, 0.20384236438874087, 0.2006254581951656, 0.19800337554852657, 0.1955469725139302, 0.1971189441856431, 0.19690958195668787, 0.1966513252697108, 0.19687862072619924], "test_loss": [0.5547216154634953, 0.7196783125400543, 0.6771299809217453, 1.0118946433067322, 0.5937332049012184, 0.5494960620999336, 0.5053149312734604, 0.4679999887943268, 0.528989152610302, 0.4629963919520378, 0.5722007386386394, 0.562487430870533, 0.542080719769001, 0.6708746239542961, 0.5590714558959007, 0.5838159374892712, 0.6432088151574135, 0.5997644975781441, 0.5952026784420014, 0.5743318714201451], "accuracy": [0.7256696462631226, 0.7013392865657806, 0.7428571462631226, 0.6439732149243355, 0.739508929848671, 0.775446429848671, 0.8078125, 0.8359375, 0.8044642865657806, 0.8475446462631225, 0.8015625, 0.8107142865657806, 0.8151785731315613, 0.7973214298486709, 0.8200892865657806, 0.8154017865657807, 0.7904017865657806, 0.8078125, 0.7997767865657807, 0.8147321462631225], "precision": [0.7064574778079986, 0.6780140489339829, 0.7079811781644821, 0.6313358008861542, 0.701896944642067, 0.7322327494621277, 0.7662636905908584, 0.7944321990013122, 0.7624799460172653, 0.808509013056755, 0.7599029451608658, 0.7693724483251572, 0.7753507182002067, 0.757197505235672, 0.7739157646894455, 0.7738391786813736, 0.7507405608892441, 0.7679286628961564, 0.7588295042514801, 0.7723796606063843], "recall": [0.9722700208425522, 0.9921778708696365, 0.9976190477609634, 1.0, 0.9949999988079071, 0.9977272719144821, 0.9976190477609634, 0.9979166656732559, 0.9973684221506118, 0.9951357454061508, 0.9973684221506118, 0.9973684221506118, 0.995119047164917, 0.9937254905700683, 0.9956190466880799, 0.9954166650772095, 0.9944444417953491, 0.9948684215545655, 0.9944940477609634, 0.9943749994039536], "f1": [0.8133719488524205, 0.8033570072262665, 0.8248666134794375, 0.7670892897444757, 0.8190188923294235, 0.8404593650493639, 0.86391491093455, 0.881786636944814, 0.8614726100511201, 0.890034063624061, 0.8583848762215684, 0.8662418070565063, 0.8674340248411931, 0.8565173451367617, 0.8679399995019252, 0.8655309923847181, 0.8531253365253619, 0.8633838768438045, 0.8583114702778877, 0.8666507103162406]}