{"train_loss": {"ConvNetV1_1": [0.339226329756295, 0.31070025434340437, 0.3085440803616325, 0.3046643440983047, 0.3023585549618569, 0.29925635109649845, 0.3010196080602751, 0.29896488452067405, 0.29994607575100624, 0.2983218644477107, 0.2952062839105085, 0.2944995636588957], "ConvNetV1_2": [0.3293346966062587, 0.3034000271942718, 0.29866578969304547, 0.2984930504044872, 0.2965401050868941, 0.2931615323102547, 0.2908053663702099, 0.2925686610439804, 0.28802715049930877, 0.2856128649111906, 0.2823915511735378], "ConvNetV1_3": [0.3305286510956068, 0.3016627564843447, 0.29746679664572323, 0.29297999214906634, 0.28774377703666687, 0.28660555864952825, 0.2827073526254461, 0.28040014993559365, 0.2797331202980931, 0.27613315260483445, 0.27604001349101037, 0.27653986800667696, 0.27100576035267004, 0.2728655609799309, 0.26960013751969014, 0.27279216942428813, 0.27021261830271387, 0.2708733208431788, 0.2651545550742764, 0.27057279047607646], "ConvNetV1_4": [0.32721665826129037, 0.29352295151883107, 0.28804563666962407, 0.2828686366691911, 0.27947546948501667, 0.27831376001147407, 0.27448290947573317, 0.2768795727037945, 0.27259436816525606, 0.26936736602359024, 0.2768553907245946, 0.27030195478647034, 0.2674264919264185, 0.264027376025001, 0.2655419914817517, 0.2646952476695271, 0.26469504330421517, 0.26095124393518715, 0.2592929970998705, 0.2621149396512406, 0.26235074696182475, 0.26518344915717657, 0.26193115220296603], "ConvNetV1_5": [0.3290238826552783, 0.28990288325613994, 0.2849907908885757, 0.279117698409806, 0.27417983439253885, 0.2692732287605116, 0.2663666601378494, 2.141542453387398, 0.27417796073150047, 0.26701414004608165, 0.2640907757121361, 0.2618019798416302, 0.259296624846985, 0.2564022093097125, 0.25907592982785105, 0.2560718444410277, 0.25870084360333306, 0.25428556669160635], "ConvNetV1_6": [0.3276715239772767, 0.29663017794398444, 0.28164604850159103, 0.2749802818053339, 0.27446153120029193, 21.154459220271534, 0.2678791380093142, 0.2642782517006061, 0.26131902114013955, 0.26043363317755835, 0.25991931201124485, 0.2581423451564063, 0.25802365621906115], "ConvNetV1_7": [0.36743130224065546, 0.2889034058784415, 0.2816828375945062, 0.2778967071347441, 0.26902975891631076, 413.6569679452598, 1.2725491931010608, 0.42488021796649217, 0.3835214562028464, 0.3480398454274868, 0.28769983671194205], "ConvNetV1_8": [0.3884298377241825, 0.28386297936271304, 0.2795561755453151, 0.26890476989599826, 0.27827828980845176, 0.2675221559643014, 0.26980723486356206, 0.26562054341007596, 0.26324772766214205, 0.26092766280188884, 83119.57933998547]}, "test_loss": {"ConvNetV1_1": [0.4274077504873276, 0.4028038397431374, 0.4735500827431679, 0.43324906229972837, 0.47084763646125793, 0.4542198613286018, 0.45825699865818026, 0.5261805504560471, 0.4750514626502991, 0.49910375475883484, 0.5196984022855758, 0.4691572070121765], "ConvNetV1_2": [0.4017890959978104, 0.5494578123092652, 0.4792934611439705, 0.426550954580307, 0.44057182520627974, 0.5764408305287361, 0.43055586218833924, 0.5412875324487686, 0.4431202672421932, 0.5230139091610908, 0.4206028446555138], "ConvNetV1_3": [0.5061399564146996, 0.5834577858448029, 0.4564214453101158, 0.4790801823139191, 0.511729185283184, 0.5305871888995171, 0.5407729178667069, 0.5054636001586914, 0.5126685276627541, 0.41375323832035066, 0.49723297357559204, 0.577767689526081, 0.5310247406363487, 0.5952444538474083, 0.6457295954227448, 0.44251264780759814, 0.6927045166492463, 0.5815849214792251, 0.5791399866342545, 0.564293485879898], "ConvNetV1_4": [0.536314319074154, 0.5548002377152443, 0.6093394204974174, 0.5596646398305893, 0.5352046251296997, 0.6440547093749046, 0.482712684571743, 0.6045010462403297, 0.5531051144003868, 0.616786752641201, 0.5933676481246948, 0.5260960444808006, 0.44840128868818285, 0.5574781462550163, 0.6113375023007392, 0.5962192550301552, 0.46290930956602094, 0.5475213244557381, 0.5207149595022201, 0.6111891642212868, 0.5355093479156494, 0.5362072363495827, 0.5914855666458607], "ConvNetV1_5": [0.4788938134908676, 0.4498655706644058, 0.4721247985959053, 0.5050166696310043, 0.5647044688463211, 0.5183376789093017, 0.622140434384346, 0.42997809424996375, 0.4715638145804405, 0.5141605317592621, 0.5233429238200188, 0.524598614871502, 0.6139782443642616, 0.4774282738566399, 0.4932463213801384, 0.6163980171084404, 0.5181651696562767, 0.5258238062262535], "ConvNetV1_6": [0.43549940288066863, 0.5189362674951553, 0.4018368735909462, 0.4306893512606621, 0.5495288670063019, 0.5125101312994957, 0.561480937898159, 0.4811725616455078, 0.5238511331379414, 0.5158256262540817, 0.5410451203584671, 0.5573193088173867, 0.4800246521830559], "ConvNetV1_7": [0.3781211480498314, 0.4117810159921646, 0.4235747456550598, 0.385003624856472, 0.4472675248980522, 5.767446339130402, 0.5453337915241718, 0.7162201836705208, 0.42206343710422517, 0.45383214876055716, 0.4630598112940788], "ConvNetV1_8": [0.36761107221245765, 0.37685603350400926, 0.45223022252321243, 0.3786310970783234, 0.37135345935821534, 0.42498376667499543, 0.42767355889081954, 0.4790473639965057, 0.3689513996243477, 0.4031619891524315, 427.82251358032227]}, "accuracy": {"ConvNetV1_1": [0.7381696462631225, 0.7654017865657806, 0.7241071462631226, 0.730133929848671, 0.716071429848671, 0.706696429848671, 0.7241071462631226, 0.706696429848671, 0.7091517865657806, 0.7225446462631225, 0.6957589298486709, 0.7053571462631225], "ConvNetV1_2": [0.771875, 0.6725446462631226, 0.7325892865657806, 0.7647321462631226, 0.7529017865657807, 0.6901785731315613, 0.7482142865657806, 0.6928571462631226, 0.753125, 0.7029017865657806, 0.7410714298486709], "ConvNetV1_3": [0.7033482149243355, 0.6944196462631226, 0.7116071462631226, 0.7060267865657807, 0.6982142865657807, 0.691071429848671, 0.7120535731315613, 0.7310267865657807, 0.7098214298486709, 0.7582589298486709, 0.7256696462631226, 0.7069196462631225, 0.7116071462631226, 0.698883929848671, 0.6642857149243355, 0.7310267865657807, 0.6729910731315613, 0.692633929848671, 0.7178571462631226, 0.7366071462631225], "ConvNetV1_4": [0.6955357149243355, 0.6834821462631225, 0.6912946462631225, 0.706696429848671, 0.6982142865657807, 0.6944196462631226, 0.715625, 0.6919642865657807, 0.7263392865657806, 0.6649553574621677, 0.7247767865657806, 0.7263392865657806, 0.7390625, 0.7310267865657807, 0.7325892865657806, 0.7294642865657807, 0.7734375, 0.7191964298486709, 0.7350446462631226, 0.7287946462631225, 0.7410714298486709, 0.7491071462631226, 0.6870535731315612], "ConvNetV1_5": [0.6745535731315613, 0.759821429848671, 0.7491071462631226, 0.7428571462631226, 0.6776785731315613, 0.7310267865657807, 0.6861607149243355, 0.7662946462631226, 0.7484375, 0.7138392865657807, 0.7216517865657807, 0.7319196462631226, 0.7098214298486709, 0.7484375, 0.7303571462631225, 0.7131696462631225, 0.7232142865657807, 0.7256696462631226], "ConvNetV1_6": [0.7466517865657807, 0.7279017865657806, 0.7482142865657806, 0.777008929848671, 0.7241071462631226, 0.7488839298486709, 0.7279017865657806, 0.7435267865657806, 0.7328125, 0.7513392865657806, 0.7466517865657807, 0.7294642865657807, 0.7600446462631225], "ConvNetV1_7": [0.815625, 0.7997767865657807, 0.7683035731315613, 0.7825892865657806, 0.7069196462631225, 0.7801339298486709, 0.8350446462631226, 0.559821429848671, 0.8140625, 0.784375, 0.8013392865657807], "ConvNetV1_8": [0.825, 0.7928571462631225, 0.7638392865657806, 0.8178571462631226, 0.7912946462631225, 0.7569196462631226, 0.6950892865657806, 0.7254464298486709, 0.8232142865657807, 0.7654017865657806, 0.8060267865657806]}, "precision": {"ConvNetV1_1": [0.7302798241376877, 0.7792717814445496, 0.7120583862066269, 0.7261313766241073, 0.7087503701448441, 0.705854994058609, 0.7173179119825364, 0.6931207075715065, 0.7033737272024154, 0.7271483719348908, 0.690609586238861, 0.7109231948852539],