{"train_loss": [0.25715698155523076, 0.230674837493092, 0.22566360034094265, 0.2211123149087824, 0.21872617057496052, 0.2089909047254024, 0.20648135688224453, 0.2037162416003233, 0.20267329657553163, 0.2018739077851085, 0.1994150376027347], "test_loss": [0.45399106442928316, 0.6249465927481651, 0.8311428770422935, 0.48502815067768096, 0.7716026470065117, 0.52655273899436, 0.472283273935318, 0.5464114174246788, 0.5287233859300613, 0.5782847054302692, 0.5381463378667831], "accuracy": [0.825, 0.7522321462631225, 0.7044642865657806, 0.8053571462631226, 0.7575892865657806, 0.8162946462631225, 0.8694196462631225, 0.8178571462631226, 0.8334821462631226, 0.8167410731315613, 0.840625], "precision": [0.7855045348405838, 0.714084604382515, 0.6765142261981965, 0.7690304964780807, 0.7175149857997895, 0.7712241649627686, 0.824190205335617, 0.767772576212883, 0.7878114938735962, 0.7764416918158531, 0.7958614140748977], "recall": [0.9930524110794068, 0.9970588237047195, 1.0, 0.9876875877380371, 0.9970588237047195, 0.9977272719144821, 0.9923201352357864, 0.9976190477609634, 0.9945906430482865, 0.9946666657924652, 0.992368420958519], "f1": [0.8732099119990793, 0.8298112657689976, 0.8050701745737048, 0.8614056441646021, 0.8319718536822126, 0.8669150278921958, 0.8975769223989845, 0.865982437982151, 0.8779638036232539, 0.8667738968817179, 0.8795275540617957]}